model,rmse,mae,r2
LightGBM,0.9688278635653816,0.0739301418625097,0.5814197670677435
Ensemble,1.0149213074141672,0.07009924515746052,0.5406431315074045
XGBoost,1.118923103435687,0.07754618000238359,0.44167643747803453
CatBoost,1.189551403914495,0.09197758586814904,0.3689672463959843
